1,New York,New York,8336697,8175133,+1.98%,,,2395220,40.6643  73.9385 ,New York,nyc,,60113
2,Los Angeles,California,3857799,3792621,+1.72%,,,2410877,34.0194  118.4108 ,California,LosAngeles,,37800
3,Chicago,Illinois,2714856,2695598,+0.71%,,,428803,41.8376  87.6818 ,Illinois,Chicago,,50407
4,Houston,Texas,2160821,2100263,+2.88%,,,2410796,29.7805  95.3863 ,Texas,Houston,,18956
5,Philadelphia,Pennsylvania,1547607,1526006,+1.42%,,,1215531,40.0094  75.1333 ,Pennsylvania,Philadelphia,,20997
6,Phoenix,Arizona,1488750,1445632,+2.98%,,,2411414,33.5722  112.0880 ,Arizona,Phoenix,,7194
7,San Antonio,Texas,1382951,1327407,+4.18%,,,2411774,29.4724  98.5251 ,Texas,SanAntonio,,6230
8,San Diego,California,1338348,1307402,+2.37%,,,2411782,32.8153  117.1350 ,California,SanDiego,,16417
9,Dallas,Texas,1241162,1197816,+3.62%,,,2410288,32.7757  96.7967 ,Texas,Dallas,,15120
10,San Jose,California,982765,945942,+3.89%,,,2411790,37.2969  121.8193 ,California,SanJose,,4759
11,Austin,Texas,842592,790390,+6.60%,,,2409761,30.3072  97.7560 ,Texas,Austin,,32157
12,Jacksonville,Florida,836507,821784,+1.79%,,,2404783,30.3370  81.6613 ,Florida,Jacksonville,,2648
13,Indianapolis,Indiana,834852,820445,+1.76%,,,2395424,39.7767  86.1459 ,Indiana,Indianapolis,,4832
14,San Francisco,California,825863,805235,+2.56%,,,2411786,37.7751  122.4193 ,California,SanFrancisco,,30256
15,Columbus,Ohio,809798,787033,+2.89%,,,1086101,39.9848  82.9850 ,Ohio,Columbus,,9481
16,Fort Worth,Texas,777992,741206,+4.96%,,,2410531,32.7795  97.3463 ,Texas,FortWorth,,3371
17,Charlotte,North Carolina,775202,731424,+5.99%,,,2404032,35.2087  80.8307 ,North Carolina,Charlotte,,4885
18,Detroit,Michigan,701475,713777,-1.72%,,,1626181,42.3830  83.1022 ,Michigan,Detroit,,8873
19,El Paso,Texas,672538,649121,+3.61%,,,2410414,31.8484  106.4270 ,Texas,ElPaso,,1231
20,Memphis,Tennessee,655155,646889,+1.28%,,,2405068,35.1035  89.9785 ,Tennessee,Memphis,,3038
21,Boston,Massachusetts,636479,617594,+3.06%,,,619463,42.3320  71.0202 ,Massachusetts,Boston,,35411
22,Seattle,Washington,634535,608660,+4.25%,,,2411856,47.6205  122.3509 ,Washington,Seattle,,48314
23,Denver,Colorado,634265,600158,+5.68%,,,2410324,39.7618  104.8806 ,Colorado,Denver,,17071
24,Washington,District of Columbia,632323,601723,+5.09%,,,2390665,38.9041  77.0171 ,District of Columbia,Washington,,4562
25,Nashville,Tennessee,624496,601222,+3.87%,,,2405092,36.1718  86.7850 ,Tennessee,Nashville,,6159
26,Baltimore,Maryland,621342,620961,+0.06%,,,1702381,39.3002  76.6105 ,Maryland,Baltimore,,10442
27,Louisville,Kentucky,605110,597337,+1.30%,,,1967434,38.1781  85.6667 ,Kentucky,Louisville,,5302
28,Portland,Oregon,603106,583776,+3.31%,,,2411471,45.5370  122.6500 ,Oregon,Portland,,34406
29,Oklahoma City,Oklahoma,599199,579999,+3.31%,,,2411311,35.4671  97.5137 ,Oklahoma,okc,,2137
30,Milwaukee,Wisconsin,598916,594833,+0.69%,,,1583724,43.0633  87.9667 ,Wisconsin,Milwaukee,,5469
31,Las Vegas,Nevada,596424,583756,+2.17%,,,2411630,36.2277  115.2640 ,Nevada,LasVegas,,3398
32,Albuquerque,New Mexico,555417,545852,+1.75%,,,2409678,35.1056  106.6474 ,New Mexico,Albuquerque,,3039
33,Tucson,Arizona,524295,520116,+0.80%,,,2412104,32.1543  110.8711 ,Arizona,Tucson,,4064
34,Fresno,California,505882,494665,+2.27%,,,2410546,36.7827  119.7945 ,California,Fresno,,1358
35,Sacramento,California,475516,466488,+1.94%,,,2411751,38.5666  121.4686 ,California,Sacramento,,5853
36,Long Beach,California,467892,462257,+1.22%,,,2410866,33.8091  118.1553 ,California,LongBeach,,2050
37,Kansas City,Missouri,464310,459787,+0.98%,,,2395492,39.1252  94.5511 ,Missouri,KansasCity,,8300
38,Mesa,Arizona,452084,439041,+2.97%,,,2411087,33.4019  111.7174 ,Arizona,MesaAZ,,58
39,Virginia Beach,Virginia,447021,437994,+2.06%,,,1498559,36.7793  76.0240 ,Virginia,VirginiaBeach,,869
40,Atlanta,Georgia,443775,420003,+5.66%,,,2403126,33.7629  84.4227 ,Georgia,Atlanta,,19834
41,Colorado Springs,Colorado,431834,416427,+3.70%,,,2410198,38.8673  104.7607 ,Colorado,ColoradoSprings,,2025
42,Raleigh,North Carolina,423179,403892,+4.78%,,,2404590,35.8302  78.6414 ,North Carolina,Raleigh,,4845
43,Omaha,Nebraska,421570,408958,+3.08%,,,2396064,41.2647  96.0419 ,Nebraska,Omaha,,4226
44,Miami,Florida,413892,399457,+3.61%,,,2404247,25.7752  80.2086 ,Florida,Miami,,5730
45,Oakland,California,400740,390724,+2.56%,,,2411292,37.7699  122.2256 ,California,Oakland,,4136
46,Tulsa,Oklahoma,393987,391906,+0.53%,,,2412110,36.1279  95.9023 ,Oklahoma,Tulsa,,2893
47,Minneapolis,Minnesota,392880,382578,+2.69%,,,2395345,44.9633  93.2683 ,Minnesota,Minneapolis,,7019
48,Cleveland,Ohio,390928,396815,-1.48%,,,1085963,41.4781  81.6795 ,Ohio,Cleveland,,6738
49,Wichita,Kansas,385577,382368,+0.84%,,,485662,37.6907  97.3427 ,Kansas,Wichita,,1501
50,Arlington,Texas,375600,365438,+2.78%,,,2409731,32.7007  97.1247 ,Texas,Arlington,,1101
51,New Orleans,Louisiana,369250,343829,+7.39%,,,545142,30.0686  89.9390 ,Louisiana,NewOrleans,,8179
52,Bakersfield,California,358597,347483,+3.20%,,,2409774,35.3212  119.0183 ,California,Bakersfield,,1085
53,Tampa,Florida,347645,335709,+3.56%,,,2405568,27.9701  82.4797 ,Florida,Tampa,,6804
54,Honolulu,Hawai'i,345610,337256,+2.48%,,,2630783,21.3259  157.8453 ,Hawai'i,Honolulu,,134
55,Anaheim,California,343248,336265,+2.08%,,,2409704,33.8555  117.7601 ,California,Anaheim,,108
56,Aurora,Colorado,339030,325078,+4.29%,,,2409731,32.7007  97.1247 ,Colorado,Aurora,,194
57,Santa Ana,California,330920,324528,+1.97%,,,2411814,33.7365  117.8826 ,California,OrangeCounty,,9935
58,St. Louis,Missouri,318172,319294,-0.35%,,,767557,38.6357  90.2446 ,Missouri,StLouis,,10275
59,Riverside,California,313673,303871,+3.23%,,,2410965,33.9381  117.3932 ,California,Riverside,,173
60,Corpus Christi,Texas,312195,305215,+2.29%,,,2410234,27.7543  97.1734 ,Texas,CorpusChristi,,48
61,Pittsburgh,Pennsylvania,306211,305704,+0.17%,,,1214818,40.4398  79.9766 ,Pennsylvania,Pittsburgh,,12986
62,Lexington,Kentucky,305489,295803,+3.27%,,,2405089,38.0402  84.4584 ,Kentucky,Lexington,,2592
63,Anchorage,Alaska,298610,291826,+2.32%,,,2419025,61.1775  149.2744 ,Alaska,Anchorage,,1091
64,Stockton,California,297984,291707,+2.15%,,,2411987,37.9763  121.3133 ,California,Stocktonca,,264
65,Cincinnati,Ohio,296550,296943,-0.13%,,,1086201,39.1399  84.5064 ,Ohio,Cincinnati,,8005
66,Saint Paul,Minnesota,290770,285068,+2.00%,,,2396511,44.9489  93.1039 ,Minnesota,SaintPaul,,503
67,Toledo,Ohio,284012,287208,-1.11%,,,1086537,41.6641  83.5819 ,Ohio,Toledo,,1237
68,Newark,New Jersey,277727,277140,+0.21%,,,885317,40.7242  74.1726 ,New Jersey,Newark,,449
69,Greensboro,North Carolina,277080,269666,+2.75%,,,2403745,36.0965  79.8271 ,North Carolina,gso,,1244
70,Plano,Texas,272068,259841,+4.71%,,,2411437,33.0508  96.7479 ,Texas,Plano,,1068
71,Henderson,Nevada,265679,257729,+3.08%,,,2410741,36.0122  115.0375 ,Nevada,cityofHenderson,,5
72,Lincoln,Nebraska,265404,258379,+2.72%,,,2395713,40.8090  96.6804 ,Nebraska,Lincoln,,1685
73,Buffalo,New York,259384,261310,-0.74%,,,978764,42.8925  78.8597 ,New York,Buffalo,,4358
74,Fort Wayne,Indiana,254555,253691,+0.34%,,,2394798,41.0882  85.1439 ,Indiana,FortWayne,,1034
75,Jersey City,New Jersey,254441,247597,+2.76%,,,885264,40.7114  74.0648 ,New Jersey,JerseyCity,,997
76,Chula Vista,California,252422,243916,+3.49%,,,2409461,32.6277  117.0152 ,California,ChulaVista,,32
77,Orlando,Florida,249562,238300,+4.73%,,,2404443,28.4159  81.2988 ,Florida,Orlando,,7596
78,St. Petersburg,Florida,246541,244769,+0.72%,,,2405401,27.7620  82.6441 ,Florida,StPetersburg,,12
79,Norfolk,Virginia,245782,242803,+1.23%,,,1498557,36.9230  76.2446 ,Virginia,Norfolk,,1918
80,Chandler,Arizona,245628,236123,+4.03%,,,2409433,33.2829  111.8549 ,Arizona,Chandleraz,,81
81,Laredo,Texas,244731,236091,+3.66%,,,2411626,27.5477  99.4869 ,Texas,Laredo,,167
82,Madison,Wisconsin,240323,233209,+3.05%,,,1583625,43.0878  89.4301 ,Wisconsin,Madison,,135
83,Durham,North Carolina,239358,228330,+4.83%,,,2403521,35.9810  78.9056 ,North Carolina,Durham,,515
84,Lubbock,Texas,236065,229573,+2.83%,,,2410892,33.5665  101.8867 ,Texas,Lubbock,,1569
85,Winston–Salem,North Carolina,234349,229617,+2.06%,,,2405771,36.1033  80.2606 ,North Carolina,WinstonSalem,,895
86,Garland,Texas,233564,226876,+2.95%,,,2410572,32.9098  96.6304 ,Texas,Garlandtx,,14
87,Glendale,Arizona,232143,226721,+2.39%,,,2410596,33.5331  112.1899 ,Arizona,Glendale,,173
88,Hialeah,Florida,231941,224669,+3.24%,,,2404689,25.8699  80.3029 ,Florida,Hialeah,,6
89,Reno,Nevada,231027,225221,+2.58%,,,2410923,39.4745  119.7765 ,Nevada,Reno,,1879
90,Baton Rouge,Louisiana,230058,229493,+0.25%,,,2403821,30.4485  91.1259 ,Louisiana,BatonRouge,,2285
91,Irvine,California,229985,212375,+8.29%,,,2410116,33.6784  117.7713 ,California,Irvine,,697
92,Chesapeake,Virginia,228417,222209,+2.79%,,,1498558,36.6794  76.3018 ,Virginia,Chesapeake,,103
93,Irving,Texas,225427,216290,+4.22%,,,2410117,32.8577  96.9700 ,Texas,Irving,,9
94,Scottsdale,Arizona,223514,217385,+2.82%,,,2411845,33.6687  111.8237 ,Arizona,Scottsdale,,490
95,North Las Vegas,Nevada,223491,216961,+3.01%,,,2411273,36.2830  115.0893 ,Nevada,North Las Vegas,,0
96,Fremont,California,221986,214089,+3.69%,,,2410545,37.4944  121.9411 ,California,Fremont,,340
97,Gilbert,Arizona,221140,208453,+6.09%,,,2412682,33.3102  111.7422 ,Arizona,Gilbertaz,,1
98,San Bernardino,California,213295,209924,+1.61%,,,2411777,34.1393  117.2953 ,California,SanBernardino,,34
99,Boise,Idaho,212303,205671,+3.22%,,,2409876,43.5985  116.2311 ,Idaho,Boise,,2805
100,Birmingham,Alabama,212038,212237,-0.09%,,,2403868,33.5274  86.7990 ,Alabama,Birmingham,,3020
101,Rochester,New York,210532,210565,-0.02%,,,979426,43.1699  77.6169 ,New York,Rochester,,4750
102,Richmond,Virginia,210309,204214,+2.98%,,,1789073,37.5314  77.4760 ,Virginia,Richmond,,152
103,Spokane,Washington,209525,208916,+0.29%,,,2411956,47.6736  117.4166 ,Washington,Spokane,,2015
104,Des Moines,Iowa,206688,203433,+1.60%,,,2394522,41.5739  93.6167 ,Iowa,DesMoines,,1910
105,Montgomery,Alabama,205293,205764,-0.23%,,,2404289,32.3463  86.2686 ,Alabama,Montgomery,,179
106,Modesto,California,203547,201165,+1.18%,,,2411130,37.6609  120.9891 ,California,Modesto,,411
107,Fayetteville,North Carolina,202103,200564,+0.77%,,,2403604,35.0851  78.9803 ,North Carolina,Fayetteville,,1176
108,Tacoma,Washington,202010,198397,+1.82%,,,2412025,47.2522  122.4598 ,Washington,Tacoma,,2061
109,Shreveport,Louisiana,201867,199311,+1.28%,,,2405463,32.4670  93.7927 ,Louisiana,Shreveport,,795
110,Fontana,California,201812,196069,+2.93%,,,2410517,34.1088  117.4627 ,California,Fontana,,14
111,Oxnard,California,201555,197899,+1.85%,,,2411347,34.2023  119.2046 ,California,Oxnard,,48
112,Aurora,Illinois,199932,197899,+1.03%,,,2394031,41.7635  88.2901 ,Illinois,Aurora,,194
113,Moreno Valley,California,199552,193365,+3.20%,,,2411159,33.9233  117.2057 ,California,MorenoValley,,11
114,Akron,Ohio,198549,199110,-0.28%,,,1086993,41.0805  81.5214 ,Ohio,Akron,,1216
115,Yonkers,New York,198449,195976,+1.26%,,,979660,40.9459  73.8674 ,New York,Yonkers,,55
116,Columbus,Georgia,198413,189885,+4.49%,,,2404111,32.5102  84.8749 ,Georgia,Columbus,,9481
117,Augusta,Georgia,197872,195844,+1.04%,,,2405078,33.3655  82.0734 ,Georgia,Augusta,,771
118,Little Rock,Arkansas,196537,193524,+1.56%,,,2404939,34.7254  92.3586 ,Arkansas,LittleRock,,1340
119,Amarillo,Texas,195250,190695,+2.39%,,,2409694,35.1978  101.8287 ,Texas,Amarillo,,453
120,Mobile,Alabama,194822,195111,-0.15%,,,2404278,30.6684  88.1002 ,Alabama,Mobile,,2199
121,Huntington Beach,California,194708,189992,+2.48%,,,2410811,33.6906  118.0093 ,California,HuntingtonBeach,,551
122,Glendale,California,194478,191719,+1.44%,,,2410597,34.1814°N 118.2458,California,Glendale,,173
123,Grand Rapids,Michigan,190411,188040,+1.26%,,,1626373,42.9612  85.6556 ,Michigan,GrandRapids,,3735
124,Salt Lake City,Utah,189314,186440,+1.54%,,,2411771,40.7785  111.9314 ,Utah,SaltLakeCity,,6329
125,Tallahassee,Florida,186971,181376,+3.08%,,,2405563,30.4551  84.2534 ,Florida,Tallahassee,,1661
126,Huntsville,Alabama,183739,180105,+2.02%,,,2404746,34.7843  86.5390 ,Alabama,HuntsvilleAlabama,,2417
127,Worcester,Massachusetts,182669,181045,+0.90%,,,619493,42.2695  71.8078 ,Massachusetts,Worcester,,229
128,Knoxville,Tennessee,182200,178874,+1.86%,,,2404842,35.9709  83.9465 ,Tennessee,Knoxville,,2725
129,Grand Prairie,Texas,181824,175396,+3.66%,,,2410632,32.6842  97.0210 ,Texas,GrandPrairie,,10
130,Newport News,Virginia,180726,180719,+0.00%,,,1498555,37.0760  76.5217 ,Virginia,NewportNews,,35
131,Brownsville,Texas,180097,175023,+2.90%,,,2409924,26.0183  97.4538 ,Texas,Brownsville,,56
132,Santa Clarita,California,179013,176320,+1.53%,,,2411819,34.4049  118.5047 ,California,SantaClarita,,353
133,Overland Park,Kansas,178919,173372,+3.20%,,,485639,38.8890  94.6906 ,Kansas,OverlandPark,,18
134,Providence,Rhode Island,178432,178042,+0.22%,,,1220076,41.8231  71.4188 ,Rhode Island,Providence,,2127
135,Jackson,Mississippi,175437,173514,+1.11%,,,2404779,32.3158  90.2128 ,Mississippi,Jacksonms,,287
136,Garden Grove,California,174389,170883,+2.05%,,,2410568,33.7788  117.9605 ,California,GardenGrove,,7
137,Oceanside,California,171293,167086,+2.52%,,,2411301,33.2246  117.3062 ,California,Oceanside,,28
138,Chattanooga,Tennessee,171279,167674,+2.15%,,,2404035,35.0665  85.2471 ,Tennessee,Chattanooga,,2329
139,Fort Lauderdale,Florida,170747,165521,+3.16%,,,2403640,26.1413  80.1439 ,Florida,FortLauderdale,,1578
140,Rancho Cucamonga,California,170746,165269,+3.31%,,,2411514,34.1233  117.5642 ,California,RanchoCucamonga,,57
141,Santa Rosa,California,170685,167815,+1.71%,,,2411827,38.4468  122.7061 ,California,SantaRosa,,982
142,Port St. Lucie,Florida,168716,164603,+2.50%,,,2404558,27.2810  80.3838 ,Florida,PortStLucie,,92
143,Ontario,California,167211,163924,+2.01%,,,2411323,34.0395  117.6088 ,California,Ontario,,7107
144,Tempe,Arizona,166842,161719,+3.17%,,,2412045,33.3884  111.9318 ,Arizona,Tempe,,1784
145,Vancouver,Washington,165489,161791,+2.29%,,,2412146,45.6372  122.5965 ,Washington,Vancouver,,22641
146,Springfield,Missouri,162191,159498,+1.69%,,,2395942,37.1942  93.2913 ,Missouri,SpringfieldMO,,1531
147,Cape Coral,Florida,161248,154305,+4.50%,,,2403990,26.6431  81.9973 ,Florida,CapeCoral,,29
148,Pembroke Pines,Florida,160306,154019,+4.08%,,,2404502,26.0212  80.3404 ,Florida,PembrokePines,,31
149,Sioux Falls,South Dakota,159908,153888,+3.91%,,,1267566,43.5383  96.7320 ,South Dakota,SiouxFalls,,680
150,Peoria,Arizona,159789,154065,+3.72%,,,2411401,33.7877  112.3111 ,Arizona,Peoriaaz,,0
151,Lancaster,California,159055,156633,+1.55%,,,2411620,34.6936  118.1753 ,California,LancasterCA,,4
152,Elk Grove,California,159038,153015,+3.94%,,,2410425,38.4144  121.3849 ,California,ElkGrove,,145
153,Corona,California,158391,152374,+3.95%,,,2410232,33.8624  117.5639 ,California,Corona,,111
154,Eugene,Oregon,157986,156185,+1.15%,,,2410460,44.0567  123.1162 ,Oregon,Eugene,,3109
155,Salem,Oregon,157429,154637,+1.81%,,,2411764,44.9237  123.0231 ,Oregon,Salem,,799
156,Palmdale,California,155650,152750,+1.90%,,,2411359,34.5913  118.1090 ,California,palmdale,,45
157,Salinas,California,154484,150441,+2.69%,,,2411768,36.6902  121.6337 ,California,Salinas,,63
158,Springfield,Massachusetts,153552,153060,+0.32%,,,619388,42.1155  72.5400 ,Massachusetts,Springfield413,,1
159,Pasadena,Texas,152272,149043,+2.17%,,,2411380,29.6583  95.1505 ,Texas,PasadenaTX,,0
160,Rockford,Illinois,150843,152871,-1.33%,,,2396405,42.2634  89.0628 ,Illinois,Rockford,,546
161,Pomona,California,150812,149058,+1.18%,,,2411454,34.0586  117.7613 ,California,Pomona,,27
162,Hayward,California,149392,144186,+3.61%,,,2410724,37.6281  122.1063 ,California,Hayward,,51
163,Fort Collins,Colorado,148612,143986,+3.21%,,,2410526,40.5482  105.0648 ,Colorado,FortCollins,,2529
164,Joliet,Illinois,148268,147433,+0.57%,,,2395477,41.5181  88.1584 ,Illinois,Joliet,,51
165,Escondido,California,147575,143911,+2.55%,,,2410455,33.1336  117.0732 ,California,Escondido,,19
166,Kansas City,Kansas,147268,145786,+1.02%,,,485601,39.1225  94.7418 ,Kansas,kansasCity,,8300
167,Torrance,California,147027,145438,+1.09%,,,2412087,33.8350  118.3414 ,California,Torrance,,3
168,Bridgeport,Connecticut,146425,144229,+1.52%,,,2378269,41.1874  73.1957 ,Connecticut,Bridgeportct,,1
169,Alexandria,Virginia,146294,139966,+4.52%,,,1498415,38.8183  77.0820 ,Virginia,Alexandria_VA,,22
170,Sunnyvale,California,146197,140081,+4.37%,,,2412009,37.3858  122.0263 ,California,Sunnyvale,,363
171,Cary,North Carolina,145693,135234,+7.73%,,,2406229,35.7821  78.8141 ,North Carolina,TownOfCary,,11
172,Lakewood,Colorado,145516,142980,+1.77%,,,2411614,39.6989  105.1176 ,Colorado,Lakewoodco?,,0
173,Hollywood,Florida,145236,140768,+3.17%,,,2404719,26.0311  80.1646 ,Florida,Hollywood?,,114
174,Paterson,New Jersey,145219,146199,-0.67%,,,885343,40.9147  74.1628 ,New Jersey,Paterson?,,11
175,Syracuse,New York,144170,145170,-0.69%,,,979539,43.0410  76.1436 ,New York,Syracuse,,1895
176,Naperville,Illinois,143684,141853,+1.29%,,,2395147,41.7492  88.1620 ,Illinois,Naperville,,294
177,McKinney,Texas,143223,131117,+9.23%,,,2411064,33.2012  96.6680 ,Texas,McKinney,,293
178,Mesquite,Texas,143195,139824,+2.41%,,,2411090,32.7639  96.5924 ,Texas,Mesquite?,,1
179,Clarksville,Tennessee,142519,132929,+7.21%,,,2404061,36.5664  87.3452 ,Tennessee,Clarksville,,287
180,Savannah,Georgia,142022,136286,+4.21%,,,2405429,32.0025  81.1536 ,Georgia,Savannah,,1444
181,Dayton,Ohio,141359,141527,-0.12%,,,1086666,39.7774  84.1996 ,Ohio,Dayton,,1929
182,Orange,California,139419,136416,+2.20%,,,2411325,33.8048  117.8249 ,California,???,,0
183,Fullerton,California,138574,135161,+2.53%,,,2410556,33.8857  117.9280 ,California,???,,0
184,Pasadena,California,138547,137122,+1.04%,,,2411379,34.1606  118.1396 ,California,Pasadena,,967
185,Hampton,Virginia,136836,137436,-0.44%,,,1498554,37.0480  76.2971 ,Virginia,HamptonRoads,,719
186,McAllen,Texas,134719,129877,+3.73%,,,2411057,26.2185  98.2461 ,Texas,???,,0
187,Killeen,Texas,134654,127921,+5.26%,,,2411542,31.0777  97.7320 ,Texas,Killeen,,245
188,Warren,Michigan,134141,134056,+0.06%,,,1627213,42.4929  83.0250 ,Michigan,???,,0
189,West Valley City,Utah,132434,129480,+2.28%,,,2412231,40.6885  112.0118 ,Utah,???,,0
190,Columbia,South Carolina,131686,129272,+1.87%,,,2404107,34.0298  80.8966 ,South Carolina,Columbiasc,,72
191,New Haven,Connecticut,130741,129779,+0.74%,,,2378285,41.3108  72.9250 ,Connecticut,NewHaven,,1220
192,Sterling Heights,Michigan,130410,129699,+0.55%,,,1627126,42.5812  83.0303 ,Michigan,???,,0
193,Olathe,Kansas,130045,125872,+3.32%,,,485633,38.8843  94.8188 ,Kansas,Olathe,,53
194,Miramar,Florida,128729,122041,+5.48%,,,2404275,25.9770  80.3358 ,Florida,???,,0
195,Thousand Oaks,California,128412,126683,+1.36%,,,2412065,34.1933  118.8742 ,California,ThousandOaks,,454
196,Frisco,Texas,128176,116989,+9.56%,,,2410549,33.1510  96.8193 ,Texas,Frisco,,274
197,Cedar Rapids,Iowa,128119,126326,+1.42%,,,467567,41.9670  91.6778 ,Iowa,CedarRapids,,812
198,Topeka,Kansas,127939,127473,+0.37%,,,485655,39.0362  95.6948 ,Kansas,Topeka,,290
199,Visalia,California,127081,124442,+2.12%,,,2412160,36.3272  119.3234 ,California,Visalia,,87
200,Waco,Texas,127018,124805,+1.77%,,,2412162,31.5601  97.1860 ,Texas,Waco,,786
201,Elizabeth,New Jersey,126458,124969,+1.19%,,,885205,40.6663  74.1935 ,New Jersey,elizabethcity,,3
202,Bellevue,Washington,126439,122363,+3.33%,,,2409821,47.5978  122.1565 ,Washington,Bellevue,,838
203,Gainesville,Florida,126047,124354,+1.36%,,,2403676,29.6788  82.3459 ,Florida,Gainesville,,252
204,Simi Valley,California,125793,124237,+1.25%,,,2411904,34.2669  118.7485 ,California,SimiValley,,316
205,Charleston,South Carolina,125583,120083,+4.58%,,,2404030,32.8179  79.9589 ,South Carolina,Charleston,,2867
206,Carrollton,Texas,125409,119097,+5.30%,,,2409992,32.9884  96.8998 ,Texas,CarrolltonTX,,68
207,Coral Springs,Florida,125287,121096,+3.46%,,,2404127,26.2708  80.2593 ,Florida,CoralSprings,,83
208,Stamford,Connecticut,125109,122643,+2.01%,,,2378291,41.0799  73.5460 ,Connecticut,StamfordCT,,202
209,Hartford,Connecticut,124893,124775,+0.09%,,,2378277,41.7660  72.6833 ,Connecticut,Hartford,,590
210,Concord,California,124711,122067,+2.17%,,,2410214,37.9722  122.0016 ,California,Concordca???,,0
211,Roseville,California,124519,118788,+4.82%,,,2411000,38.7657  121.3032 ,California,Roseville,,592
212,Thornton,Colorado,124140,118772,+4.52%,,,2412064,39.9180  104.9454 ,Colorado,Temecula,,253
213,Kent,Washington,122999,92411,+33.10%,,,2410185,47.3853  122.2169 ,Washington,Thorntonwa???,,0
214,Lafayette,Louisiana,122761,120623,+1.77%,,,2404854,30.2116  92.0314 ,Louisiana,Lafayettela????,,49
215,Surprise,Arizona,121287,117517,+3.21%,,,2412016,33.6706  112.4527 ,Arizona,Surpriseaz????,,14
216,Denton,Texas,121123,113383,+6.83%,,,2410323,33.2151  97.1417 ,Texas,Denton,,2857
217,Victorville,California,120336,115903,+3.82%,,,2412156,34.5277  117.3536 ,California,Victorvilleca????,,0
218,Evansville,Indiana,120235,117429,+2.39%,,,2394710,37.9877  87.5347 ,Indiana,Evansville,,575
219,Midland,Texas,119385,111147,+7.41%,,,2411096,32.0299  102.1097 ,Texas,Midessa,,448
220,Santa Clara,California,119311,116468,+2.44%,,,2411816,37.3646  121.9679 ,California,SantaClara,,20
221,Athens,Georgia,118999,115452,+3.07%,,,2407405,33.9496  83.3701 ,Georgia,Athens,,1668
222,Allentown,Pennsylvania,118974,118032,+0.80%,,,1215372,40.5940  75.4782 ,Pennsylvania,Allentown,,42
223,Abilene,Texas,118887,117063,+1.56%,,,2409657,32.4545  99.7381 ,Texas,Abilene,,57
224,Beaumont,Texas,118228,118296,-0.06%,,,2409806,30.0843  94.1458 ,Texas,Beaumont,,162
225,Vallejo,California,117796,115942,+1.60%,,,2412142,38.1079  122.2639 ,California,Vallejo,,68
226,Independence,Missouri,117270,116830,+0.38%,,,2395422,39.0853  94.3513 ,Missouri,Independence????,,0
227,Springfield,Illinois,117126,116250,+0.75%,,,2395940,39.7639  89.6708 ,Illinois,SpringfieldIL,,500
228,Ann Arbor,Michigan,116121,113934,+1.92%,,,1625837,42.2756  83.7313 ,Michigan,AnnArbor,,4246
229,Provo,Utah,115919,112488,+3.05%,,,2411499,40.2453  111.6448 ,Utah,ProvoUtah,,156
230,Peoria,Illinois,115687,115007,+0.59%,,,2396178,40.7523  89.6171 ,Illinois,PeoriaIL,,531
231,Norman,Oklahoma,115562,110925,+4.18%,,,2411267,35.2406  97.3453 ,Oklahoma,Norman,,7
232,Berkeley,California,115403,112580,+2.51%,,,2409837,37.8667  122.2991 ,California,Berkeley,,6681
233,El Monte,California,115111,113475,+1.44%,,,2410413,34.0746  118.0291 ,California,ElMonte,,16
234,Murfreesboro,Tennessee,114038,108755,+4.86%,,,2404342,35.8522  86.4161 ,Tennessee,Murfreesboro,,440
235,Lansing,Michigan,113996,114297,-0.26%,,,1626588,42.7098  84.5562 ,Michigan,Lansing,,1069
236,Columbia,Missouri,113225,108500,+4.35%,,,2393605,38.9479  92.3261 ,Missouri,columbiamo,,1374
237,Downey,California,112873,111772,+0.99%,,,2410352,33.9382  118.1309 ,California,Downeyca????,,0
238,Costa Mesa,California,111918,109960,+1.78%,,,2410239,33.6659  117.9123 ,California,CostaMesa,,31
239,Inglewood,California,111182,109673,+1.38%,,,2410106,33.9561  118.3443 ,California,Inglewoodca????,,0
240,Miami Gardens,Florida,110754,107167,+3.35%,,,2404249,25.9489  80.2436 ,Florida,MiamiGardensfl???,,0
241,Manchester,New Hampshire,110209,109565,+0.59%,,,873658,42.9847  71.4439 ,New Hampshire,Manchester,,4156
242,Elgin,Illinois,109927,108188,+1.61%,,,2394641,42.0396  88.3217 ,Illinois,Elgin,,75
243,Wilmington,North Carolina,109922,106476,+3.24%,,,2405754,34.2092  77.8858 ,North Carolina,Wilmington,,1389
244,Waterbury,Connecticut,109915,110366,-0.41%,,,2378294,41.5585  73.0367 ,Connecticut,WaterburyCT,,6
245,Fargo,North Dakota,109779,105549,+4.01%,,,1036030,46.8652  96.8290 ,North Dakota,Fargo,,1152
246,Arvada,Colorado,109745,106433,+3.11%,,,2409737,39.8097  105.1066 ,Colorado,denverwest,,136
247,Carlsbad,California,109318,105328,+3.79%,,,2409984,33.1239  117.2828 ,California,Carlsbad,,21
248,Westminster,Colorado,109169,106114,+2.88%,,,2412237,39.8822  105.0644 ,Colorado,Westminsterco????,,0
249,Rochester,Minnesota,108992,106769,+2.08%,,,2396395,44.0154  92.4772 ,Minnesota,RochesterMN,,424
250,Gresham,Oregon,108956,105594,+3.18%,,,2410663,45.5023  122.4416 ,Oregon,Gresham,,33
251,Clearwater,Florida,108732,107685,+0.97%,,,2404067,27.9795  82.7663 ,Florida,Clearwater,,70
252,Lowell,Massachusetts,108522,106519,+1.88%,,,618227,42.6389  71.3221 ,Massachusetts,Lowell,,6
253,West Jordan,Utah,108383,103712,+4.50%,,,2412222,40.6023  112.0010 ,Utah,WestJordanut???,,30
254,Pueblo,Colorado,107772,106595,+1.10%,,,2411501,38.2731  104.6124 ,Colorado,Pueblo,,147
255,San Buenaventura (Ventura),California,107734,106433,+1.22%,,,2411779,34.2681  119.2550 ,California,SanBuenaventura(Ventura),,0
256,Fairfield,California,107684,105321,+2.24%,,,2410474,38.2568  122.0397 ,California,Fairfield,,79
257,West Covina,California,107440,106098,+1.26%,,,2412219,34.0559  117.9099 ,California,WestCovina???,,0
258,Billings,Montana,106954,104170,+2.67%,,,2409849,45.7895  108.5499 ,Montana,Billings,,294
259,Murrieta,California,106810,103466,+3.23%,,,2411199,33.5719  117.1907 ,California,Murrieta,,39
260,High Point,North Carolina,106586,104371,+2.12%,,,2404696,35.9855  79.9902 ,North Carolina,HighPoint???,,10
261,Round Rock,Texas,106573,99887,+6.69%,,,2411005,30.5237  97.6674 ,Texas,RoundRock,,499
262,Richmond,California,106516,103701,+2.71%,,,2410939,37.9530  122.3594 ,California,Richmondca,,13
263,Cambridge,Massachusetts,106471,105162,+1.24%,,,619396,42.3760  71.1183 ,Massachusetts,Cambridge,,1066
264,Norwalk,California,106278,105549,+0.69%,,,2411281,33.9069  118.0834 ,California,Norwalk,,11
265,Odessa,Texas,106102,99940,+6.17%,,,2411303,31.8804  102.3434 ,Texas,Odessa?(alreadycoveredunder),,0
266,Antioch,California,105508,102372,+3.06%,,,2409715,37.9775  121.7976 ,California,Antioch,,2
267,Temecula,California,105208,100097,+5.11%,,,2412044,33.5019  117.1246 ,California,Temecula,,253
268,Green Bay,Wisconsin,104868,104057,+0.78%,,,1583309,44.5207  87.9842 ,Wisconsin,GreenBay,,538
269,Everett,Washington,104655,103019,+1.59%,,,2410469,48.0033  122.1742 ,Washington,Everett,,394
270,Wichita Falls,Texas,104552,104553,0%,,,2412261,33.9067  98.5259 ,Texas,WichitaFalls,,107
271,Burbank,California,104391,103340,+1.02%,,,2409939,34.1890  118.3249 ,California,Burbank,,301
272,Palm Bay,Florida,104124,103190,+0.91%,,,2404463,27.9856  80.6626 ,Florida,PalmBay ???,,0
273,Centennial,Colorado,103743,100377,+3.35%,,,2409422,39.5906  104.8691 ,Colorado,Centennial,,3
274,Daly City,California,103690,101123,+2.54%,,,2410291,37.7009  122.4650 ,California,DalyCity,,10
275,Richardson,Texas,103297,99223,+4.11%,,,2410933,32.9723  96.7081 ,Texas,Richardson,,83
276,Pompano Beach,Florida,102984,99845,+3.14%,,,2404547,26.2426  80.1290 ,Florida,PompanoBeach,,0
277,Broken Arrow,Oklahoma,102019,98850,+3.21%,,,2409914,36.0365  95.7810 ,Oklahoma,BrokenArrow,,5
278,North Charleston,South Carolina,101989,97471,+4.64%,,,,32.8853  80.0169 ,South Carolina,NorthCharleston,,0
279,West Palm Beach,Florida,101903,99919,+1.99%,,,2405713,26.7483  80.1266 ,Florida,WestPalmBeach,,58
280,Boulder,Colorado,101808,97385,+4.54%,,,,40.0175  105.2797 ,Colorado,Boulder,,5277
281,Rialto,California,101740,99171,+2.59%,,,2410931,34.1118  117.3883 ,California,Rialto,,7
282,Santa Maria,California,101459,99553,+1.91%,,,2411824,34.9332  120.4438 ,California,SantaMaria,,153
283,El Cajon,California,101435,99478,+1.97%,,,2410406,32.8017  116.9605 ,California,ElCajon???,,0
284,Davenport,Iowa,101363,99685,+1.68%,,,2394467,41.5541  90.6040 ,Iowa,Davenport,,6
285-(T),Erie,Pennsylvania,101047,101786,-0.73%,,,1215209,42.1166  80.0735 ,Pennsylvania,Erie,,514
285-(T),Las Cruces,New Mexico,101047,97618,+3.51%,,,,32.3197  106.7653 ,New Mexico,LasCruces,,359
287,South Bend,Indiana,100800,101168,-0.36%,,,2395913,41.6769  86.2690 ,Indiana,SouthBend,,743
288,Flint,Michigan,100515,102434,-1.87%,,,1626285,43.0244  83.6920 ,Michigan,Flint,,506
289,Kenosha,Wisconsin,100150,99218,+0.94%,,,,42.5822  87.8456 ,Wisconsin,Kenosha,,219