name,00:21:27,01:31:09,03:08:24,05:12:53,07:44:06,09:05:25,21:02:00,21:15:21,21:50:06,22:02:44,22:42:52,23:45:06
Subreddit Name,Users Online,Users Online,Users Online,Users Online,Users Online,Users Online,Users Online,Users Online,Users Online,Users Online,Users Online,Users Online
nyc,582,286,304,183,68,32,770,867,815,733,571,582
LosAngeles,103,131,125,139,92,45,124,120,105,105,106,101
Chicago,176,139,183,177,61,26,199,198,215,202,164,171
Houston,56,88,106,74,40,12,87,92,73,63,68,63
Philadelphia,93,83,77,48,18,12,101,95,81,89,91,84
Phoenix,17,21,33,27,19,7,19,19,17,23,20,14
SanAntonio,37,32,33,33,13,11,25,36,39,29,37,33
SanDiego,45,62,64,58,54,16,55,55,65,73,62,71
Dallas,50,51,63,34,15,13,45,39,39,45,57,56
SanJose,26,17,23,20,15,7,32,23,26,26,37,27
Austin,175,160,224,183,86,34,241,242,222,225,203,217
Jacksonville,7,18,13,4,8,3,13,9,10,13,7,9
Indianapolis,20,31,34,18,8,2,14,17,25,24,19,22
SanFrancisco,86,123,152,131,104,36,101,82,84,102,94,123
Columbus,35,39,40,30,14,10,42,31,38,30,28,29
FortWorth,14,21,26,19,10,4,12,14,11,23,13,17
Charlotte,26,30,54,24,16,6,20,19,13,20,13,22
Detroit,48,17,36,14,11,7,41,36,36,36,43,33
ElPaso,2,5,6,8,3,6,8,6,4,6,4,7
Memphis,13,11,21,15,6,8,15,23,17,17,12,7
Boston,129,98,120,71,38,21,162,143,139,145,139,98
Seattle,229,257,256,226,124,48,222,216,203,214,214,207
Denver,47,46,69,49,17,7,65,72,55,65,54,63
Washington,10,9,7,9,5,1,7,10,8,10,10,14
Nashville,24,18,23,19,15,10,25,31,19,25,25,21
Baltimore,41,43,45,23,9,2,44,37,34,42,46,41
Louisville,19,24,37,18,11,4,34,28,16,24,19,22
Portland,164,103,100,123,71,31,119,108,112,127,144,186
okc,5,12,8,5,4,2,2,4,5,8,6,6
Milwaukee,36,29,22,22,9,5,30,27,46,45,29,34
LasVegas,0,0,0,0,0,0,0,0,0,0,0,0
Albuquerque,15,18,15,15,18,5,19,21,14,15,10,13
Tucson,18,30,26,21,17,5,8,9,14,17,17,15
Fresno,13,10,13,12,8,1,7,7,8,12,10,10
Sacramento,26,25,30,37,24,16,23,23,23,31,29,35
LongBeach,3,9,8,10,7,10,15,9,8,10,8,10
KansasCity,37,41,44,40,14,5,44,34,49,50,26,24
MesaAZ,3,5,3,4,2,4,1,2,1,0,2,5
VirginiaBeach,5,4,7,0,2,0,0,3,6,3,5,1
Atlanta,112,108,139,74,24,5,118,109,96,114,87,107
ColoradoSprings,12,5,9,7,4,2,8,11,9,10,10,12
Raleigh,22,34,50,23,12,2,20,15,14,18,20,22
Omaha,16,12,28,13,15,3,15,15,25,14,20,18
Miami,37,24,32,21,12,4,19,25,22,24,31,33
Oakland,15,17,18,20,11,12,19,22,18,22,12,15
Tulsa,12,16,14,18,11,2,14,15,14,9,6,10
Minneapolis,15,21,50,20,8,5,15,23,18,21,22,14
Cleveland,24,21,22,8,1,5,20,19,27,21,13,24
Wichita,10,3,11,1,2,3,6,9,12,12,10,12
Arlington,2,4,0,7,2,0,1,3,5,3,5,6
NewOrleans,29,27,55,32,16,9,30,39,41,36,43,40
Bakersfield,3,10,2,6,6,2,7,5,3,6,5,6
Tampa,28,30,43,9,12,7,31,26,29,19,24,32
Honolulu,2,2,1,3,2,2,5,0,4,4,3,3
Anaheim,2,0,4,5,5,5,5,5,0,4,4,0
Aurora,5,0,2,6,5,2,3,5,0,4,3,2
OrangeCounty,27,26,37,34,19,13,40,35,36,31,38,38
StLouis,28,45,49,28,14,10,31,35,36,43,34,28
Riverside,2,5,0,1,1,2,4,4,5,5,2,3
CorpusChristi,4,5,4,2,4,2,2,5,5,2,4,4
Pittsburgh,51,76,83,33,16,7,57,48,35,33,48,52
Lexington,19,13,15,9,6,1,4,4,8,11,10,8
Anchorage,4,5,3,6,2,1,6,6,3,6,2,5
Stocktonca,1,0,4,5,1,2,3,1,1,3,0,2
Cincinnati,60,33,43,31,11,2,42,38,43,35,39,50
SaintPaul,2,3,5,1,4,0,5,2,2,5,1,2
Toledo,7,3,4,4,3,1,5,6,6,4,8,3
Newark,0,3,6,3,2,4,2,6,3,0,2,2
gso,2,5,9,6,3,6,4,5,9,8,6,5
Plano,7,5,4,4,5,2,6,7,7,7,6,11
cityofHenderson,5,4,4,2,0,3,0,2,1,5,2,3
Lincoln,2,5,1,9,1,2,8,3,6,9,8,4
Buffalo,24,25,30,24,9,6,24,16,13,23,17,12
FortWayne,4,1,6,3,1,3,7,4,6,4,5,7
JerseyCity,8,7,5,4,4,5,2,7,1,7,3,3
ChulaVista,3,3,3,0,1,5,1,0,1,4,0,2
Orlando,36,35,34,27,6,7,37,30,45,34,29,31
StPetersburg,2,3,5,0,3,3,1,1,1,4,0,4
Norfolk,3,8,8,6,2,4,11,9,3,8,5,4
Chandleraz,1,2,0,4,5,1,1,1,5,0,5,1
Laredo,3,1,4,4,2,2,2,2,4,3,2,2
Madison,1,5,3,3,4,3,5,1,4,2,2,1
Durham,0,5,1,3,5,0,3,4,0,0,5,4
Lubbock,4,8,3,4,5,5,2,4,2,4,5,2
WinstonSalem,4,2,6,1,3,5,3,6,4,4,4,5
Garlandtx,0,0,5,3,0,3,0,5,3,1,4,4
Glendale,5,0,3,4,1,1,2,2,4,3,4,5
Hialeah,0,2,1,4,1,4,1,0,2,3,2,2
Reno,6,14,7,5,3,3,3,5,7,3,10,10
BatonRouge,8,18,10,16,6,4,10,9,8,7,3,7
Irvine,5,1,4,4,4,0,3,0,3,0,1,5
Chesapeake,0,4,3,1,2,1,2,0,3,3,2,0
Irving,1,4,2,5,0,3,4,1,3,5,2,4
Scottsdale,4,1,0,1,4,1,4,0,3,5,2,1
North Las Vegas,0,0,0,0,0,0,0,0,0,0,0,0
Fremont,1,0,2,2,1,3,0,3,4,4,5,3
Gilbertaz,4,0,0,1,2,0,5,3,4,5,2,3
SanBernardino,1,1,5,4,5,4,3,1,2,2,1,2
Boise,14,14,16,16,8,6,13,25,18,16,19,20
Birmingham,17,24,22,11,6,1,15,25,23,20,18,15
Rochester,16,19,21,9,6,6,20,25,28,24,12,23
Richmond,4,2,4,4,1,2,2,2,4,3,4,1
Spokane,8,8,8,11,5,3,13,7,8,9,10,10
DesMoines,6,5,6,1,1,2,10,3,4,5,4,3
Montgomery,3,6,3,5,3,5,0,5,0,2,4,4
Modesto,7,5,5,4,2,0,8,1,1,7,3,2
Fayetteville,7,5,10,5,2,3,4,8,2,9,6,5
Tacoma,5,8,9,7,5,3,4,8,8,4,5,7
Shreveport,2,6,7,2,6,2,8,9,7,5,6,4
Fontana,5,1,1,0,1,1,3,3,4,0,5,3
Oxnard,5,0,1,5,0,1,4,5,4,5,4,0
Aurora,5,0,2,6,5,2,3,5,0,4,3,2
MorenoValley,3,4,3,2,2,0,2,5,4,4,5,4
Akron,4,5,6,4,4,5,4,3,6,1,1,4
Yonkers,2,1,1,3,1,1,3,4,4,0,1,0
Columbus,35,39,40,30,14,10,42,31,38,30,28,29
Augusta,3,2,4,2,2,5,1,1,3,9,6,6
LittleRock,7,6,4,5,3,3,6,3,1,7,2,6
Amarillo,2,4,2,3,5,5,5,5,3,5,5,4
Mobile,7,1,3,5,5,4,1,3,1,2,5,2
HuntingtonBeach,1,6,5,6,3,4,2,4,4,1,5,3
Glendale,5,0,3,4,1,1,2,2,4,3,4,5
GrandRapids,15,11,22,11,10,5,8,14,19,8,15,16
SaltLakeCity,26,13,25,26,15,4,30,19,18,27,24,27
Tallahassee,2,4,2,2,1,1,6,5,11,2,4,5
HuntsvilleAlabama,14,9,20,12,11,7,13,16,15,14,10,13
Worcester,4,1,0,1,5,2,2,3,5,1,0,5
Knoxville,10,13,9,8,5,6,9,7,7,7,13,7
GrandPrairie,0,0,2,2,2,0,4,3,5,4,3,5
NewportNews,1,0,2,5,1,0,1,0,1,3,5,0
Brownsville,0,3,5,1,4,1,1,1,0,0,4,4
SantaClarita,5,4,5,4,1,5,4,5,4,5,1,4
OverlandPark,5,1,3,2,3,1,3,4,0,3,1,3
Providence,6,8,8,5,5,5,12,11,6,8,7,3
Jacksonms,6,4,0,2,3,0,0,4,1,5,4,3
GardenGrove,4,4,0,4,0,4,0,3,1,2,4,4
Oceanside,4,1,2,1,1,0,1,0,4,1,3,1
Chattanooga,11,6,16,7,4,6,23,18,18,19,24,23
FortLauderdale,6,6,6,5,3,5,4,8,8,6,2,10
RanchoCucamonga,1,0,3,2,3,4,4,4,5,2,1,5
SantaRosa,6,4,7,0,9,1,6,5,9,5,3,3
PortStLucie,2,4,3,4,4,1,5,3,3,1,5,1
Ontario,9,19,23,11,5,1,9,16,8,12,10,15
Tempe,3,7,4,5,10,2,10,5,4,8,6,1
Vancouver,147,109,138,158,94,38,121,122,133,150,144,151
SpringfieldMO,4,5,12,1,0,5,14,14,6,4,9,2
CapeCoral,4,3,4,2,1,5,0,1,0,3,4,1
PembrokePines,1,5,2,0,2,0,2,0,3,2,5,1
SiouxFalls,1,4,4,4,1,1,2,6,3,1,3,5
Peoriaaz,0,0,0,0,0,0,0,0,0,0,0,0
LancasterCA,2,0,4,1,0,1,5,3,5,1,2,1
ElkGrove,4,0,1,1,0,4,3,4,5,4,2,1
Corona,4,5,1,1,2,2,2,5,2,4,1,4
Eugene,21,9,21,19,12,3,9,15,9,22,17,13
Salem,3,2,3,3,1,5,5,2,6,3,5,6
palmdale,2,2,0,2,4,4,5,3,3,5,0,3
Salinas,3,3,5,4,4,1,0,2,4,4,4,4
Springfield413,3,5,5,1,2,1,3,2,3,5,2,1
PasadenaTX,0,0,0,0,0,0,0,0,0,0,0,0
Rockford,2,2,8,3,0,0,0,2,3,2,5,3
Pomona,0,3,2,1,0,5,0,6,1,0,2,0
Hayward,4,0,5,2,2,4,0,3,1,1,2,4
FortCollins,8,15,16,5,9,2,10,9,5,5,7,5
Joliet,3,5,4,3,1,0,4,3,1,0,1,2
Escondido,2,3,4,4,1,2,2,3,1,0,5,0
kansasCity,40,41,44,40,13,2,44,39,49,44,26,24
Torrance,5,0,5,3,5,1,0,1,2,3,4,4
Bridgeportct,1,4,5,2,5,0,3,2,3,1,3,4
Alexandria_VA,5,3,3,1,4,5,5,1,0,4,5,1
Sunnyvale,6,1,3,1,5,5,0,2,3,4,0,2
TownOfCary,5,4,3,1,2,1,2,2,5,1,4,2
Lakewoodco?,0,0,0,0,0,0,0,0,0,0,0,0
Hollywood?,4,3,0,2,5,1,0,3,0,4,1,2
Paterson?,0,0,0,0,0,0,0,0,0,0,0,0
Syracuse,5,11,7,5,3,4,2,3,2,8,4,1
Naperville,5,3,1,2,1,1,5,5,3,1,1,1
McKinney,5,5,2,4,5,3,3,0,3,5,0,2
Mesquite?,4,5,0,2,3,1,4,4,5,4,0,5
Clarksville,2,0,0,1,0,3,1,5,6,4,6,5
Savannah,9,11,7,5,6,3,9,9,7,9,10,9
Dayton,6,12,9,6,1,6,8,6,7,8,8,7
???,0,0,0,0,0,0,0,0,0,0,0,0
???,0,0,0,0,0,0,0,0,0,0,0,0
Pasadena,8,2,2,2,3,2,5,3,1,5,2,5
HamptonRoads,7,2,7,5,4,2,6,2,1,2,1,5
???,0,0,0,0,0,0,0,0,0,0,0,0
Killeen,0,3,2,0,4,2,2,6,4,3,4,3
???,0,0,0,0,0,0,0,0,0,0,0,0
???,0,0,0,0,0,0,0,0,0,0,0,0
Columbiasc,1,6,3,1,5,2,2,2,0,3,0,2
NewHaven,6,3,9,2,1,4,6,1,8,4,7,5
???,0,0,0,0,0,0,0,0,0,0,0,0
Olathe,0,0,5,3,2,0,4,3,2,4,3,0
???,0,0,0,0,0,0,0,0,0,0,0,0
ThousandOaks,4,4,4,2,4,2,1,1,0,5,0,1
Frisco,5,0,2,6,5,4,5,5,4,0,5,1
CedarRapids,11,9,6,5,1,5,11,11,9,10,9,8
Topeka,2,5,3,6,1,6,1,0,3,0,3,2
Visalia,5,5,0,2,5,0,1,4,5,1,2,3
Waco,11,8,13,4,0,3,3,8,2,7,6,10
elizabethcity,4,0,0,3,0,5,3,0,2,4,0,2
Bellevue,5,7,5,5,3,0,5,0,4,3,2,5
Gainesville,0,5,3,1,5,4,1,2,3,1,5,4
SimiValley,4,6,3,3,2,3,0,0,4,4,3,4
Charleston,12,14,12,11,3,3,13,12,15,12,15,17
CarrolltonTX,1,1,1,2,2,2,4,3,4,0,3,1
CoralSprings,1,2,3,0,0,1,1,5,2,0,4,0
StamfordCT,2,5,4,2,1,0,3,5,0,4,2,0
Hartford,5,4,2,5,2,2,4,5,4,0,1,3
Concordca???,0,0,0,0,0,0,0,0,0,0,0,0
Roseville,4,3,0,4,4,4,5,5,5,3,3,1
Temecula,1,5,3,6,2,5,3,2,3,3,1,4
Thorntonwa???,0,0,0,0,0,0,0,0,0,0,0,0
Lafayettela????,1,5,4,0,1,5,1,5,3,3,4,2
Surpriseaz????,4,0,0,3,0,4,0,3,5,3,4,4
Denton,8,16,6,8,7,4,18,15,11,7,7,7
Victorvilleca????,0,0,0,0,0,0,0,0,0,0,0,0
Evansville,3,5,2,4,2,4,7,5,3,1,8,3
Midessa,6,6,1,4,5,2,4,7,4,3,3,6
SantaClara,4,4,2,4,1,0,1,4,4,0,0,0
Athens,2,6,5,4,3,1,3,8,1,8,4,9
Allentown,3,1,4,4,5,0,4,3,0,4,4,2
Abilene,0,3,4,3,0,1,1,0,3,2,5,1
Beaumont,2,5,0,4,4,5,2,3,2,4,4,2
Vallejo,1,4,3,5,0,1,5,2,5,0,5,5
Independence????,0,0,0,0,0,0,0,0,0,0,0,0
SpringfieldIL,6,9,8,6,1,1,5,6,2,3,4,5
AnnArbor,17,8,15,6,3,4,17,15,11,15,10,7
ProvoUtah,0,0,4,0,0,1,4,2,3,3,2,4
PeoriaIL,1,4,3,2,2,2,6,6,0,0,5,3
Norman,5,0,1,0,5,2,2,3,0,0,5,2
Berkeley,34,28,36,35,48,33,29,45,37,38,35,43
ElMonte,3,5,4,3,1,0,3,4,3,5,5,5
Murfreesboro,5,3,3,4,2,0,4,2,5,5,3,1
Lansing,3,4,1,3,3,2,2,5,2,1,0,6
columbiamo,5,6,8,4,4,2,8,4,1,1,5,4
Downeyca????,0,0,0,0,0,0,0,0,0,0,0,0
CostaMesa,0,1,5,1,1,2,5,0,0,5,2,1
Inglewoodca????,0,0,0,0,0,0,0,0,0,0,0,0
MiamiGardensfl???,0,0,0,0,0,0,0,0,0,0,0,0
Manchester,27,6,5,6,6,7,36,39,34,38,32,16
Elgin,1,3,4,5,2,5,5,3,1,3,2,4
Wilmington,6,7,10,8,5,4,7,7,9,9,3,5
WaterburyCT,5,2,0,5,0,4,5,1,1,4,5,4
Fargo,5,8,11,5,9,2,3,4,11,4,3,4
denverwest,5,5,1,0,1,1,4,5,2,4,0,2
Carlsbad,3,3,3,1,2,4,4,1,2,4,2,3
Westminsterco????,0,0,0,0,0,0,0,0,0,0,0,0
RochesterMN,2,4,2,3,2,0,5,0,3,6,4,5
Gresham,1,4,5,2,2,5,0,4,0,5,2,0
Clearwater,2,4,3,5,1,1,0,5,5,3,5,5
Lowell,3,4,5,3,5,2,0,1,2,0,0,3
WestJordanut???,3,2,5,2,4,0,1,2,5,4,1,5
Pueblo,2,5,2,5,2,0,3,5,4,2,2,0
SanBuenaventura(Ventura),0,0,0,0,0,0,0,0,0,0,0,0
Fairfield,5,4,3,3,4,1,1,5,3,1,4,1
WestCovina???,0,0,0,0,0,0,0,0,0,0,0,0
Billings,0,3,3,0,1,0,4,3,1,1,4,1
Murrieta,5,2,3,5,3,0,1,3,1,2,4,4
HighPoint???,0,0,0,0,0,0,0,0,0,0,0,0
RoundRock,6,3,1,4,0,3,2,0,3,2,5,1
Richmondca,2,2,5,2,1,5,4,0,3,3,5,0
Cambridge,3,5,1,5,6,2,2,5,2,2,7,1
Norwalk,1,3,1,5,0,1,1,2,1,2,1,0
Odessa?(alreadycoveredunder),0,0,0,0,0,0,0,0,0,0,0,0
Antioch,1,2,2,4,0,3,5,5,0,0,5,4
Temecula,1,5,3,6,2,5,3,2,3,3,1,4
GreenBay,5,5,1,0,0,7,3,2,5,4,3,4
Everett,2,0,3,5,4,4,4,0,0,3,3,2
WichitaFalls,0,4,4,2,4,2,1,4,0,4,5,0
Burbank,1,0,0,1,4,5,4,1,6,1,3,0
PalmBay ???,0,0,0,0,0,0,0,0,0,0,0,0
Centennial,5,0,4,3,1,2,2,4,1,0,4,2
DalyCity,0,3,3,3,1,0,2,2,4,3,1,5
Richardson,4,2,2,4,0,5,0,5,2,3,5,3
PompanoBeach,0,0,0,0,0,0,0,0,0,0,0,0
BrokenArrow,2,0,4,0,0,4,3,1,3,3,1,0
NorthCharleston,0,0,0,0,0,0,0,0,0,0,0,0
WestPalmBeach,0,0,1,5,2,1,4,2,5,2,3,0
Boulder,17,29,30,35,14,7,27,27,30,23,17,23
Rialto,4,2,1,5,5,4,1,3,4,3,5,1
SantaMaria,5,6,4,0,4,6,4,5,1,1,4,2
ElCajon???,0,0,0,0,0,0,0,0,0,0,0,0
Davenport,4,2,5,0,3,3,3,1,1,3,1,3
Erie,2,3,6,4,2,4,0,4,5,0,5,1
LasCruces,4,5,4,4,6,4,4,5,3,3,4,2
SouthBend,8,6,5,2,2,2,2,8,1,0,4,5
Flint,4,0,5,1,0,2,1,2,0,1,5,1
Kenosha,1,0,2,2,4,0,1,3,2,1,3,3
